X,CL_CON_4179,CL_HFD_4113,CD_CON_4045,CD_HFD_4277
1,-10.87536,-4.128062,-5.869954,-12.03903
2,-11.56478,-4.438472,-6.262586,-12.85738
3,-12.91997,-4.651348,-6.911531,-13.7474
4,-14.79355,-4.854606,-7.807774,-14.90927
5,-17.00212,-5.155374,-9.04278,-16.25369
6,-19.5404,-5.710651,-10.72237,-17.82555
7,-12.70535,-4.529251,-6.592344,-14.12293
8,-15.01773,-4.881428,-7.695306,-14.90534
9,-17.90798,-4.896782,-9.086054,-16.20229
10,-20.87008,-5.551194,-10.9427,-18.27576
11,-23.94613,-6.450079,-13.56228,-20.48016
12,-26.79513,-7.955173,-16.45552,-22.96681
13,-28.48341,-9.132366,-18.97602,-25.04846
14,-28.84888,-10.59072,-20.49047,-26.70478
15,-28.52296,-11.56074,-21.54605,-26.96726
16,-27.32811,-12.38797,-21.5815,-26.18372
17,-26.08574,-12.79069,-20.7027,-24.15809
18,-24.12273,-13.27222,-19.60805,-21.90194
19,-21.5888,-12.94904,-17.50342,-18.59039
20,-18.26405,-12.49546,-15.21715,-15.68693
21,-14.42681,-11.3198,-12.78664,-12.87381
22,-10.63488,-9.747227,-10.08762,-9.51596
23,-6.157508,-8.281519,-6.905236,-5.447341
24,-0.8208176,-6.726171,-3.173297,-3.63E-02
25,7.114795,-4.677024,0.4338359,8.09919
26,16.02313,-2.589911,3.926352,16.36215
27,23.32966,0.3170899,7.54375,24.58664
28,28.77676,3.001146,13.19193,35.14594
29,36.13953,6.598807,20.79532,45.97531
30,45.19273,11.10707,28.38164,54.12452
31,53.04988,15.9013,36.44214,60.17774
32,60.07251,20.64354,41.92904,65.30396
33,67.35825,24.99627,46.34311,69.72865
34,74.09544,27.4675,51.32735,73.49389
35,79.52818,30.11289,56.21081,76.245
36,84.50504,33.06697,61.22467,77.65968
37,86.1692,35.91534,65.80826,78.57381
38,86.12228,39.58283,71.90849,79.37986
39,84.4501,44.06126,78.59179,80.68689
40,82.36537,48.96652,85.09402,81.42449
41,80.61961,54.16175,91.15051,82.34849
42,79.02681,59.35892,95.24644,83.42587
43,78.57553,63.85897,97.87334,84.96781
44,78.08786,67.55128,99.58556,86.1266
45,76.99937,70.76783,100.0491,85.26221
46,74.2259,73.0097,99.82793,82.43882
47,69.24748,74.45684,98.90383,76.73211
48,62.67903,75.13261,96.79924,69.24386
49,55.88662,74.05157,93.09455,61.84233
50,49.1168,71.97055,88.20938,54.67866
51,43.40426,68.60303,81.96414,48.78586
52,38.47106,64.60447,75.20288,43.62597
53,34.83473,59.52142,68.85606,39.92862
54,32.05586,53.81144,63.2032,37.46218
55,29.7345,48.81796,58.22182,35.63638
56,28.37959,43.65298,54.43611,35.30965
57,26.8201,39.56061,51.07509,34.81599
58,26.32385,35.62249,48.14337,34.20369
59,25.57766,31.71548,45.77814,33.14975
60,23.86092,28.63452,44.58866,31.67211
61,20.96377,26.37192,43.51973,28.9711
62,18.06318,24.88532,42.8502,26.35551
63,14.90367,24.25711,42.52824,22.63495
64,11.98493,23.28984,41.5867,19.25728
65,10.33545,21.96046,40.4298,15.93374
66,10.27296,20.56281,38.56385,13.7464
67,11.09688,19.87871,36.67252,13.41597
68,11.92916,19.39057,34.43537,13.96547
69,13.20591,18.52403,31.98296,14.04549
70,13.20566,17.26527,30.13984,14.0534
71,13.42374,15.64229,28.80819,13.53741
72,12.15417,13.95112,27.69934,12.71446
73,10.07947,13.35713,27.31783,11.16117
74,6.945859,12.75152,26.87354,8.980764
75,4.103094,12.36803,26.50921,6.360203
76,1.393927,12.0683,26.16704,3.862645
77,-0.601414,12.2903,25.6015,1.804459
78,-2.076406,13.37428,24.57013,0.7711595
79,-2.933476,13.82144,23.04272,0.11705
80,-2.462501,14.65272,21.92428,0.3831211
81,-0.6061809,14.25295,19.80204,1.582835
82,1.156458,13.66005,17.81854,3.031774
83,2.812812,12.92838,15.73345,3.883276
84,3.772147,12.15842,13.6984,2.875965
85,2.571841,10.79395,11.93438,1.4831
86,0.460229,9.737922,10.91777,-0.8344192
87,-2.793484,8.907358,10.76771,-2.462088
88,-6.155417,7.13484,11.3431,-4.576901
89,-9.575665,6.437442,12.70411,-6.558208
90,-12.58487,5.61215,14.23049,-7.843018
91,-14.36812,5.425961,15.76151,-9.533856
92,-15.74748,5.370104,15.72868,-10.45514
93,-15.45958,5.754082,14.89583,-11.26605
94,-14.65606,6.137234,13.03333,-11.02559
95,-13.65295,6.59375,11.06608,-10.39213
96,-13.11902,7.267838,9.615614,-10.0503
97,-12.78726,6.560043,8.449715,-9.963902
98,-12.83246,5.581325,7.59376,-9.724575
99,-13.21269,4.510516,6.475543,-9.570247
100,-14.05461,3.162177,4.978436,-9.687828
101,-14.9117,1.496632,3.682792,-10.4511
102,-16.64195,8.44E-02,2.027173,-11.141
103,-17.8271,-1.104374,1.260349,-11.45948
104,-18.29092,-1.978352,0.2748424,-11.07604
105,-18.64448,-2.569201,-0.5841436,-10.12754
106,-18.28368,-2.525642,-1.16262,-9.185623
107,-17.06998,-2.527265,-1.412163,-8.421954
108,-15.66863,-2.289826,-2.27502,-8.414083
109,-13.81937,-2.752486,-3.277715,-8.507359
110,-12.389,-2.871138,-3.303048,-8.973043
111,-11.62571,-3.105358,-3.859928,-9.276582
112,-11.4824,-3.299883,-4.216562,-9.535266
113,-11.49916,-3.061623,-3.93775,-9.337149
114,-11.8791,-2.772365,-3.230769,-9.908564
115,-13.10065,-2.83333,-2.858055,-10.20749
116,-13.81923,-3.157003,-2.090882,-10.21717
117,-14.04501,-3.643968,-1.283243,-10.37401
118,-13.87659,-4.008863,-1.135495,-10.76133
119,-14.65963,-4.481418,-0.543973,-10.93195
120,-14.05661,-4.356187,-0.5595166,-11.14156
121,-13.80861,-4.101387,-0.3661637,-11.93098
122,-13.33072,-3.309863,-0.510985,-12.48305
123,-12.73716,-2.451584,-0.6997517,-13.4747
124,-12.68649,-2.120585,-0.684206,-14.89312
125,-13.62739,-1.457693,-0.8231876,-16.31521
126,-14.18898,-1.644365,-0.6535767,-17.5338
127,-15.62051,-1.893096,-0.7095593,-17.92897
128,-17.78967,-2.264066,-0.4983243,-18.31444
129,-19.20668,-2.719661,-0.2074791,-18.6774
130,-20.02358,-3.003672,0.2761323,-18.44003
131,-20.18236,-3.394318,0.2608133,-17.90155
132,-19.52564,-3.855466,0.1582376,-16.95388
133,-17.91167,-4.566605,-0.8640947,-16.36724
134,-16.65049,-4.256397,-1.869634,-16.60374
135,-15.61901,-4.095087,-3.28104,-17.18497
136,-15.7479,-3.734866,-4.470562,-18.14701
137,-15.706,-3.726052,-5.054665,-18.84376
138,-16.03275,-3.834496,-6.187279,-18.45164
139,-16.04687,-4.064198,-6.691644,-17.74917
140,-16.37148,-4.158757,-7.147619,-17.34543
141,-17.17531,-4.534032,-7.460818,-17.07265
142,-17.76837,-4.909715,-7.889247,-17.13377
143,-18.21798,-5.325139,-8.114484,-16.89664
144,-18.41135,-5.823238,-7.451763,-17.01715
145,-17.9622,-6.619473,-7.527603,-17.06818
146,-17.31173,-6.966936,-7.379024,-17.20995
147,-16.77447,-7.425097,-7.201763,-17.57557
148,-15.34783,-7.262554,-7.190671,-17.89228
149,-14.76082,-7.00301,-6.731535,-18.62058
150,-14.07356,-6.144673,-6.685182,-19.20566
151,-14.27306,-5.485466,-6.308212,-20.03669
152,-15.28842,-4.693028,-6.29558,-20.02362
153,-16.10758,-4.149165,-5.954252,-19.37478
154,-15.98487,-3.774829,-5.812818,-18.32774
155,-16.91241,-3.963646,-5.331268,-17.39208
156,-17.61148,-4.014884,-4.990416,-16.67573
157,-17.32026,-3.882468,-4.798933,-16.91996
158,-16.97883,-4.049921,-4.850671,-17.41501
159,-16.57616,-4.031558,-5.312214,-17.83182
160,-15.61463,-4.526197,-5.537674,-18.40341
161,-14.93401,-4.554786,-5.708063,-18.40066
162,-14.19434,-5.202623,-6.362645,-17.9327
163,-13.90872,-5.247905,-7.164472,-17.9902
164,-14.14881,-5.286897,-7.223487,-17.40529
165,-14.38664,-5.499799,-5.554034,-16.24176
166,-14.59635,-4.464899,-6.095238,-16.09437
167,-14.85325,-3.953993,-6.262459,-15.6193
168,-15.09008,-4.113465,-7.121381,-15.25852
169,-15.85673,-4.087027,-7.793769,-14.39871
170,-16.29883,-4.217241,-8.650902,-14.93802
171,-16.93842,-4.478667,-9.332573,-15.33127
172,-18.55151,-5.012869,-10.6131,-16.33764
173,-20.88973,-5.644085,-12.66205,-18.41749
174,-23.49722,-6.735548,-14.51629,-21.66427
175,-26.13985,-8.011486,-16.76748,-24.97594
176,-28.53796,-9.781085,-19.35799,-27.78049
177,-30.31528,-11.10906,-21.63616,-29.52662
178,-31.75787,-12.51466,-23.40311,-30.7045
179,-32.09068,-13.4855,-24.72292,-30.73865
180,-31.56828,-14.15176,-24.84439,-30.21882
181,-30.52823,-14.56775,-24.4635,-28.41013
182,-28.38239,-14.31497,-22.88959,-25.89545
183,-25.79664,-13.48811,-21.2159,-22.87396
184,-22.21332,-12.35215,-18.70758,-19.29346
185,-18.50367,-10.74347,-15.77055,-15.74136
186,-15.11434,-9.216028,-13.06457,-12.46732
187,-11.92286,-7.751779,-9.7674,-9.013354
188,-7.742831,-5.981825,-6.944838,-4.244714
189,-0.7602411,-5.008338,-4.240458,3.150094
190,9.409266,-3.752857,-2.150253,11.80571
191,19.92379,-1.944249,0.1738525,20.73093
192,25.85987,0.7123329,4.224828,30.79212
193,32.10718,4.002275,10.83922,40.98152
194,41.17418,8.783706,19.77294,50.39947
195,48.72836,14.14116,28.21618,57.52301
196,56.20975,19.39015,35.37739,62.96982
197,62.86331,23.1444,39.47383,67.07343
198,69.39573,25.92412,44.09826,69.89615
199,76.32866,28.48994,48.9366,72.77888
200,81.41814,31.59132,53.44485,75.32693
201,84.58234,34.33776,57.12087,76.72572
202,84.8863,37.75631,61.86332,77.96944
203,83.93332,42.23099,67.88266,78.69988
204,82.1718,46.46128,74.3938,79.73323
205,80.4263,51.12926,80.8866,80.5171
206,79.6244,55.86368,85.69263,81.72678
207,79.10214,60.54822,88.93251,83.11969
208,77.79066,64.61225,91.31514,84.01614
209,76.07536,67.87838,92.40043,82.57433
210,72.84971,70.82887,93.27877,79.84668
211,68.25153,73.19444,92.12965,75.0176
212,62.00739,74.48562,90.16082,68.3007
213,55.86052,73.83271,86.44978,60.97435
214,49.82003,72.42417,81.41151,53.46498
215,44.93162,68.79739,75.27945,47.59354
216,40.41993,64.50354,68.56055,42.34571
217,36.59169,59.29802,62.02597,38.71195
218,32.90554,53.7136,56.14024,36.88443
219,30.30698,48.10368,50.74256,35.87418
220,28.5118,42.87249,46.59203,35.55169
221,27.61867,38.21865,42.75428,36.24975
222,26.9424,33.7426,40.0834,35.352
223,25.45933,30.10271,37.98138,33.74953
224,23.40834,26.9353,36.79797,31.56492
225,20.071,24.13055,35.7356,29.03729
226,17.51066,22.13561,35.33756,26.65073
227,15.25487,20.7879,34.72032,23.84912
228,13.51223,20.21139,33.71644,20.33956
229,12.00825,18.88113,32.53757,17.18716
230,11.66131,18.77235,31.26353,15.31719
231,12.37007,17.99775,29.6536,14.71196
232,12.50762,16.89089,27.69928,14.74401
233,12.80884,15.98437,25.58453,15.03248
234,14.40474,14.60987,23.04343,15.29532
235,14.87385,13.34285,21.29592,15.10832
236,14.53018,11.97677,20.65662,13.81572
237,13.16404,11.03348,20.42388,12.31983
238,10.13332,10.20696,20.34795,10.37499
239,6.332346,9.637609,20.49508,7.887653
240,2.351819,9.359158,20.19545,4.82596
241,-1.730693,9.27867,19.55776,2.689524
242,-4.996439,9.629045,18.55643,2.17558
243,-6.585294,10.01534,16.89586,2.293929
244,-6.023367,10.33639,15.318,2.711787
245,-4.170825,10.20429,13.27383,3.164354
246,-0.5308971,10.53858,11.82646,4.019745
247,2.12135,9.888928,10.46647,4.339944
248,3.434924,9.528647,8.843305,3.605723
249,2.695735,8.349585,7.22794,2.101568
250,0.2730886,6.955245,5.636541,7.25E-02
251,-2.915637,5.893943,4.982629,-2.035035
252,-7.207972,4.547297,4.8304,-3.592006
253,-10.73095,3.513684,6.178039,-5.413759
254,-13.08354,2.748108,8.136799,-6.749122
255,-14.95212,2.610476,10.24942,-8.482508
256,-16.13475,2.735377,10.99153,-9.559824
257,-16.93303,3.087924,10.68056,-9.651314
258,-16.8983,2.830049,9.658636,-9.426623
259,-16.35495,2.919814,8.054761,-8.921242
260,-15.37562,2.941875,6.230725,-8.329903
261,-14.41725,2.415675,4.275,-7.70723
262,-13.18395,1.767305,2.443067,-8.213
263,-12.85109,0.9599687,0.7605411,-8.046082
264,-13.76347,-0.4510952,-0.3471999,-8.239322
265,-15.08371,-1.772739,-1.35051,-8.052023
266,-16.72957,-2.472433,-2.100102,-8.853549
267,-18.17817,-3.450772,-3.129234,-9.246634
268,-18.85185,-3.536051,-4.15155,-9.516554
269,-19.18415,-3.93323,-4.999985,-8.843115
270,-17.36348,-4.624721,-5.222426,-8.086817
271,-15.59985,-5.059717,-5.593733,-6.966363
272,-14.09557,-5.131103,-5.940179,-6.730074
273,-12.7131,-5.285741,-6.167116,-6.454739
274,-11.64812,-4.730101,-6.559303,-6.726466
275,-10.93567,-4.57235,-6.919892,-6.641333
276,-9.915613,-4.339402,-6.860034,-6.895137
277,-9.813303,-4.291614,-6.913387,-7.208355
278,-9.998481,-4.274284,-6.985827,-7.512763
279,-11.20881,-4.83917,-6.334878,-7.597319
280,-12.34978,-5.00515,-5.383528,-7.855484
281,-12.79499,-5.609032,-4.152105,-7.617164
282,-13.35328,-6.151917,-3.18978,-8.141623
283,-12.50652,-6.008946,-3.035177,-8.93945
284,-11.22341,-5.584397,-2.803103,-9.59236
285,-10.62515,-4.72019,-3.208084,-9.812682
286,-10.16763,-4.326321,-3.217627,-10.34037
287,-10.12198,-3.766768,-3.102941,-11.02473
288,-11.00406,-3.346442,-3.333707,-12.20663
289,-12.62272,-2.942666,-3.243181,-13.59033
290,-14.61441,-2.698817,-2.773789,-14.87008
291,-16.11828,-2.709912,-2.661207,-15.44057
292,-17.63777,-3.068183,-2.26557,-15.001
293,-18.33924,-3.442754,-1.775955,-14.49739
294,-18.95983,-3.749269,-1.590969,-14.86726
295,-18.98707,-3.881299,-1.754138,-14.62419
296,-18.58893,-3.638453,-2.220662,-14.03114
297,-17.73175,-3.842293,-2.863399,-13.55707
298,-16.67283,-3.526805,-3.524032,-13.3173
299,-15.0966,-3.84998,-4.495596,-13.38097
300,-13.77629,-4.107335,-6.029603,-13.82506
301,-13.06,-4.370703,-7.230031,-13.90592
302,-12.96095,-4.556069,-8.541324,-14.13787
303,-13.39281,-4.866812,-9.108674,-13.881
304,-13.74162,-5.131973,-9.299396,-13.75453
305,-14.5844,-5.46915,-9.262729,-13.05194
306,-15.32395,-5.401906,-9.136637,-12.72259
307,-15.85168,-5.814932,-9.321374,-11.69036
308,-15.43534,-6.375442,-9.557087,-11.88517
309,-15.70833,-6.497195,-9.311807,-12.31846
310,-16.13835,-7.346066,-9.157964,-13.30147
311,-15.46302,-7.687952,-9.27331,-14.28795
312,-15.74558,-8.506668,-9.49673,-15.15497
313,-16.01289,-8.292665,-9.238,-15.52606
314,-15.8,-7.65808,-9.141356,-16.23233
315,-15.55754,-6.810388,-8.826981,-16.37452
316,-15.96521,-6.987483,-8.842879,-16.67955
317,-16.76157,-6.95004,-8.792198,-16.24316
318,-17.72814,-6.572253,-8.340992,-15.20789
319,-19.07688,-6.621913,-8.125701,-14.44252
320,-18.81065,-6.587967,-8.16797,-14.06948
321,-18.37624,-6.722593,-7.893867,-13.87241
322,-17.76623,-6.880419,-8.099443,-14.1343
323,-16.50346,-7.275452,-7.997259,-14.06853
324,-16.09855,-7.086938,-8.314627,-14.75208
325,-15.70866,-7.20282,-8.46746,-14.9776
326,-15.30998,-7.081566,-9.558822,-14.78244
327,-15.14964,-7.382902,-10.19127,-14.8497
328,-15.18845,-7.347431,-10.59793,-14.42475
329,-14.258,-7.415854,-8.710855,-12.02114
330,-14.51301,-6.55504,-8.91943,-11.96622
331,-14.28529,-5.998322,-9.396906,-11.06106
332,-14.813,-6.010548,-9.629801,-11.01568
333,-15.22908,-6.10231,-10.2748,-11.07723
334,-16.38352,-6.782139,-10.90172,-11.8111
335,-17.70972,-7.173154,-12.00175,-13.06723
336,-18.60912,-8.207309,-12.42866,-14.70979
337,-19.65952,-9.112446,-13.84182,-17.60999
338,-21.86891,-10.35713,-15.51265,-20.44156
339,-24.55405,-11.48289,-17.60078,-23.21801
340,-27.26476,-12.88273,-20.38197,-25.59815
341,-29.95213,-14.21718,-22.55472,-27.86409
342,-31.76644,-15.85534,-24.24124,-28.68776
343,-32.10972,-17.03512,-25.55311,-28.57409
344,-31.08783,-17.60889,-25.94424,-28.28691
345,-28.97131,-18.41549,-25.59529,-26.60091
346,-26.23325,-18.47901,-24.40787,-24.32258
347,-22.97109,-17.73561,-22.33582,-21.5195
348,-19.0908,-16.70077,-19.87497,-18.00615
349,-16.32614,-15.77201,-16.65207,-14.81192
350,-12.76105,-14.52267,-13.47871,-11.75059
351,-9.642616,-12.99524,-10.31106,-9.064892
352,-5.865617,-11.54345,-6.989801,-4.917974
353,0.8020921,-11.00411,-4.167137,2.258637
354,10.90689,-9.489023,-1.992192,11.16727
355,20.83356,-7.331735,0.4053127,20.99155
356,27.16476,-4.990148,4.004244,30.28686
357,31.81894,-1.901293,10.38442,40.06683
358,39.38824,2.839357,18.53894,48.13299
359,47.16492,8.654591,26.77986,55.43608
360,54.451,13.70189,33.77919,61.47212
361,62.00101,18.0689,38.0884,67.06474
362,69.10617,21.6465,42.15061,70.85548
363,76.00538,24.25021,47.16978,73.71788
364,81.29851,26.85735,52.08704,76.15108
365,83.76901,29.57771,56.127,77.51975
366,84.52898,32.41523,60.64214,78.18322
367,83.59259,36.20768,66.63857,78.7103
368,81.82543,40.68311,73.20741,79.17424
369,79.85715,45.68607,79.31275,80.55967
370,78.56874,51.13045,84.56483,82.0033
371,76.77534,56.34444,88.05829,83.33949
372,75.04971,60.10571,90.14072,83.90385
373,72.61921,63.42411,91.34428,83.17474
374,69.64224,65.60119,92.00481,80.22224
375,65.31543,66.64438,91.25711,75.70016
376,60.27232,67.63811,89.09735,69.202
377,54.05411,67.82622,85.30691,62.20219
378,47.32671,66.95156,79.9631,54.97968
379,41.21198,64.31879,73.61951,48.64171
380,35.56789,60.42122,67.35909,43.26109
381,31.72345,55.21812,61.30495,39.53744
382,28.60826,49.62519,56.21397,37.33505
383,28.12364,43.96532,51.17779,36.43707
384,28.31462,38.5666,47.53904,36.11501
385,29.33862,33.69326,44.0669,36.05965
386,28.76811,29.13484,41.06456,35.97859
387,27.96572,25.83784,39.05578,34.68457
388,25.41768,22.71097,37.42698,33.25678
389,22.59703,20.57549,36.92083,30.90539
390,19.6451,18.73457,36.8854,28.05511
391,17.2226,17.44604,37.12499,25.24763
392,14.55614,15.98764,36.67268,22.08304
393,12.84022,14.5304,35.57805,18.97333
394,12.37995,13.85132,34.0509,16.83467
395,11.87692,12.61165,31.63736,14.93284
396,11.32695,11.1317,29.45523,14.4949
397,11.63539,10.2562,27.50739,14.9223
398,12.77165,8.684817,25.90513,15.45657
399,13.87794,7.634736,24.41838,15.464
400,14.44471,6.452,23.54917,15.31245
401,13.19615,5.056126,23.14497,13.68631
402,9.767887,3.938086,23.00309,10.83632
403,5.790785,3.059689,22.99724,7.647212
404,1.475621,2.755961,22.73479,5.149008
405,-2.68543,2.820531,21.97344,3.339609
406,-5.317567,3.588027,21.10152,2.938838
407,-6.821699,4.344873,20.15627,2.497115
408,-6.639476,5.295845,18.72425,3.136031
409,-4.662235,5.884933,17.05469,3.593233
410,-2.15193,5.404295,15.07556,4.889184
411,0.2681356,5.159017,13.20164,5.449922
412,0.9610363,3.928972,11.0982,4.804097
413,0.2198503,2.899503,8.844864,2.998085
414,-2.131732,1.9795,7.22321,0.9583016
415,-4.392591,8.99E-02,7.163824,-1.109277
416,-7.94567,-1.294208,7.470212,-3.014401
417,-10.85297,-2.128425,8.485263,-5.879983
418,-14.09305,-2.824417,10.03193,-8.109915
419,-16.68542,-2.887966,11.42818,-9.253385
420,-17.63765,-2.440188,12.23024,-10.19373
421,-17.97711,-2.346132,11.46118,-10.35487
422,-17.32998,-2.091036,10.15339,-9.725783
423,-15.60712,-2.356718,8.457453,-8.767673
424,-14.09335,-3.117427,6.89571,-8.617596
425,-12.98774,-4.539072,4.928817,-8.855124
426,-11.78351,-5.759597,3.293295,-9.128866
427,-11.79937,-6.501501,1.603345,-9.246761
428,-13.04067,-7.511846,0.2065383,-9.049682
429,-14.11604,-8.549558,-0.9366542,-9.077085
430,-15.62118,-8.74203,-1.938667,-8.657832
431,-17.11566,-9.577897,-2.858329,-9.03013
432,-17.71374,-10.24962,-3.606516,-9.598715
433,-17.85112,-10.78252,-4.338069,-9.755533
434,-16.88911,-11.54456,-5.235509,-9.977309
435,-15.78776,-11.79432,-6.120686,-9.155789
436,-14.25942,-11.74368,-6.441385,-8.152075
437,-12.48749,-11.47207,-7.063601,-7.732378
438,-11.20973,-11.40223,-7.629395,-7.141046
439,-10.06774,-11.12939,-8.009225,-6.713776
440,-9.57497,-11.00128,-8.090237,-6.495398
441,-10.00163,-10.58903,-8.049662,-6.780905
442,-11.6207,-10.72096,-7.724131,-7.794852
443,-13.09769,-10.42311,-7.373914,-8.063406
444,-13.76467,-10.79044,-7.017589,-8.483862
445,-14.17015,-10.97203,-6.937328,-8.090075
446,-13.78101,-10.78309,-6.406605,-8.772737
447,-13.14511,-10.57518,-5.947632,-8.790561
448,-12.34993,-10.25375,-5.030357,-8.77951
449,-11.46065,-9.513342,-5.199065,-9.32199
450,-10.92907,-9.121464,-5.542255,-10.18132
451,-11.62889,-8.574172,-5.763226,-11.35977
452,-12.94947,-8.380077,-5.896684,-11.93379
453,-13.71309,-8.476882,-6.224195,-13.2275
454,-14.45652,-8.046647,-6.149503,-14.02457
455,-15.90438,-8.060444,-5.831644,-15.00596
456,-16.14909,-8.528234,-5.191641,-15.71782
457,-16.65005,-8.765609,-5.295472,-16.15528
458,-17.09526,-9.47337,-5.090209,-16.35938
459,-18.04449,-9.798758,-5.217409,-16.05488
460,-18.33462,-9.606668,-5.75444,-15.41749
461,-16.86816,-9.367021,-7.038376,-14.58636
462,-14.70288,-9.293753,-8.11874,-14.06134
463,-12.56174,-9.263213,-9.598327,-13.86531
464,-10.79222,-9.017425,-10.54035,-14.03712
465,-10.39946,-8.63469,-11.23474,-14.00869
466,-10.12144,-8.753017,-11.70695,-13.80583
467,-10.02911,-8.567547,-12.71015,-13.80608
468,-11.36545,-9.095139,-13.25248,-14.14953
469,-12.49899,-10.32006,-13.80441,-14.14755
470,-13.21239,-11.76506,-13.81077,-14.1111
471,-13.08997,-12.532,-13.74849,-13.86668
472,-13.34108,-13.18583,-13.60054,-13.44434
473,-13.64618,-13.09102,-12.95603,-13.1009
474,-13.85381,-12.76211,-12.61786,-13.50336
475,-13.93128,-12.51632,-12.47704,-14.26382
476,-13.66269,-12.4975,-12.61792,-14.87153
477,-13.48979,-12.32579,-12.71703,-15.42292
478,-13.21943,-11.906,-13.17607,-15.84588
479,-13.64764,-11.38858,-13.64375,-16.3874
480,-14.46974,-11.11236,-13.5494,-16.28585
481,-15.51231,-11.02286,-13.23993,-16.59129
482,-15.97188,-10.71278,-12.69168,-15.93035
483,-16.53808,-10.25396,-12.14966,-14.89882
484,-17.2337,-10.17857,-11.89114,-13.93947
485,-17.75226,-10.50717,-12.02603,-14.11414
486,-16.76739,-10.59012,-12.14183,-14.51655
487,-15.8788,-10.56566,-12.41796,-15.42299
488,-15.41812,-10.78115,-12.69424,-16.45387
489,-15.19321,-11.22763,-12.68739,-16.76045
490,-15.02698,-10.83107,-12.76965,-17.27353
491,-15.08102,-11.00609,-13.30417,-17.36629
492,-15.32076,-10.95043,-13.9845,-16.85568
493,-14.97378,-11.1545,-12.43555,-14.97085
494,-15.10835,-10.22898,-13.78221,-14.14296
495,-15.13804,-9.972152,-14.34462,-13.54485
496,-16.54611,-10.10446,-14.94451,-13.24744
497,-17.15814,-10.39216,-15.9121,-13.68673
498,-17.63983,-10.89228,-16.23071,-14.35294
499,-17.5885,-11.45481,-16.74502,-15.30116
500,-17.31215,-12.45485,-17.20853,-17.41783
501,-17.94617,-12.90357,-18.45407,-20.31716
502,-20.53437,-13.92848,-19.96302,-22.92447
503,-22.76316,-14.81355,-22.34716,-25.76561
504,-25.50975,-15.94499,-24.84654,-27.77766
505,-29.17591,-17.40931,-27.65143,-29.68282
506,-31.57294,-18.91971,-29.33346,-30.09562
507,-32.09565,-19.8369,-30.30765,-30.58392
508,-31.10945,-20.20802,-30.45136,-30.3018
509,-29.28572,-20.00488,-29.42342,-28.8974
510,-26.60147,-19.99645,-27.77911,-26.83609
511,-24.09095,-19.43321,-25.84565,-23.61148
512,-21.33422,-18.96302,-23.45429,-20.11378
513,-17.85232,-18.24741,-20.89894,-17.08666
514,-14.22662,-16.91673,-17.84805,-14.56934
515,-10.40454,-15.57924,-14.54847,-10.95099
516,-5.611916,-14.02132,-11.31332,-6.102738
517,1.798361,-12.81142,-8.296741,1.040617
518,11.37017,-11.71147,-5.467076,10.05113
519,21.53339,-9.652943,-3.149869,18.79381
520,27.19532,-7.642587,0.5798775,28.01242
521,30.95947,-5.131142,6.40449,37.80784
522,38.18927,-0.2474787,14.56166,46.71617
523,45.43307,5.307555,22.54544,53.48439
524,52.80997,10.73453,29.89318,59.8293
525,60.09605,15.14825,34.36435,65.13383
526,68.14487,19.33856,38.77736,69.0747
527,75.34184,21.69508,43.56778,71.66622
528,81.23555,24.04955,48.07866,74.45045
529,84.6108,26.68938,51.96138,76.53467
530,85.71757,29.55963,55.9868,78.0759
531,85.10226,33.26979,61.63861,78.73559
532,83.4651,38.13632,67.43527,78.90211
533,81.99863,42.80584,73.802,79.74191
534,80.76596,47.42996,79.31876,80.63992
535,79.44733,52.05261,82.96925,81.3275
536,77.74476,55.81802,85.17683,81.78036
537,75.33231,59.05332,86.4165,81.25439
538,71.46513,61.62472,86.8642,78.67911
539,67.25291,64.00336,85.94025,73.79795
540,61.82463,65.26865,83.71915,67.51877
541,55.22969,65.80813,80.24581,60.0001
542,48.99591,64.81345,75.25457,52.48167
543,43.20192,62.08128,69.30137,45.30319
544,37.60788,58.14742,62.70018,40.45734
545,32.97117,53.26751,56.12645,37.04895
546,29.68262,47.56077,50.16483,34.55886
547,26.71372,41.78903,44.51453,33.15334
548,25.40719,36.23394,39.83105,32.75866
549,25.14911,31.6901,36.40132,32.12264
550,25.20899,27.39117,33.66415,31.53645
551,24.24243,23.44544,31.34932,30.66496
552,21.86219,19.98071,30.17914,29.07991
553,19.00133,17.31886,29.58209,27.04466
554,15.43593,15.36947,29.13208,24.28641
555,11.81645,14.0215,29.0665,21.17649
556,8.864774,12.86375,28.54926,17.18955
557,6.950788,12.25443,27.51139,13.88862
558,6.146971,11.75209,25.87375,11.2288
559,6.139477,10.71733,23.65788,9.72364
560,6.368834,9.954575,21.22689,9.985385
561,7.181704,8.779635,18.65145,10.80486
562,7.846277,7.822993,16.57064,11.67284
563,8.846026,6.621383,15.09431,11.22184
564,9.177339,5.646888,14.00915,10.40502
565,9.235309,4.435485,13.21193,8.555552
566,7.533301,3.664926,13.32672,6.201836
567,4.926123,2.789159,12.91287,3.321121
568,1.013241,2.727933,12.66609,0.3100249
569,-3.070687,2.383968,12.34258,-1.85406
570,-6.070395,3.262131,11.79334,-3.421655
571,-8.249897,3.397535,10.91547,-3.697375
572,-9.247351,3.199951,9.431788,-2.971576
573,-7.158643,2.992324,7.261558,-2.325191
574,-4.231947,2.907218,5.574724,-1.261273
575,-2.368853,2.84252,3.320408,-0.8153446
576,-1.848551,2.580743,1.336274,-1.012169
577,-2.41346,1.60818,-0.1434078,-2.274619
578,-4.616006,0.1302658,-1.674437,-4.248931
579,-7.676427,-0.6975398,-2.090658,-6.520548
580,-10.43619,-2.581228,-1.375582,-9.410413
581,-13.34542,-3.727292,-2.73E-03,-12.15844
582,-15.20764,-4.410349,2.023818,-14.13927
583,-16.43577,-4.553285,3.393965,-15.65906
584,-17.72916,-4.681268,3.496459,-15.93622
585,-18.94948,-4.811032,2.340991,-16.09927
586,-18.561,-4.859715,1.128489,-15.95479
587,-18.03768,-5.052147,-0.1947736,-15.5095
588,-17.39868,-5.211358,-1.563219,-14.70113
589,-15.86474,-6.173687,-3.034281,-14.6565
590,-14.93912,-6.575416,-4.138567,-14.38632
591,-14.81828,-7.97731,-5.392022,-15.02835
592,-15.94498,-8.476987,-7.081963,-14.40637
593,-17.09232,-9.479181,-8.302301,-13.98802
594,-18.6865,-10.17824,-9.588647,-13.91904
595,-20.04317,-10.92775,-10.64421,-14.46883
596,-20.56633,-11.70914,-10.97216,-14.93807
597,-20.46085,-12.46421,-11.52384,-14.85308
598,-19.7178,-12.94178,-11.69942,-14.26594
599,-18.67801,-13.56382,-12.23196,-13.54394
600,-17.36243,-13.37443,-13.02009,-12.7074
601,-16.02839,-13.04503,-13.63491,-12.3133
602,-14.82355,-12.54907,-14.87615,-12.64249
603,-13.50467,-11.99896,-15.34321,-13.12832
604,-12.58916,-11.8835,-15.63985,-13.04323
605,-12.47451,-11.86447,-15.71066,-12.74891
606,-13.49111,-12.84236,-14.96218,-12.71596
607,-15.02837,-14.67148,-14.24387,-12.78089
608,-16.21391,-15.24592,-13.68866,-12.90662
609,-16.7596,-15.35016,-12.96183,-13.4013
610,-17.28864,-14.56984,-12.71768,-13.68368
611,-16.52509,-14.14106,-12.18469,-13.69044
612,-15.20914,-13.8422,-12.3464,-14.13304
613,-13.99096,-13.44934,-12.21783,-15.05328
614,-13.72933,-13.30612,-12.18189,-15.64382
615,-13.54885,-12.97243,-12.31101,-16.03674
616,-13.85727,-12.13775,-12.4473,-16.51949
617,-13.55263,-12.16476,-12.61627,-17.73558
618,-14.14944,-11.92517,-12.46492,-18.63436
619,-14.71715,-11.67183,-12.41434,-18.81304
620,-16.26676,-11.34479,-12.31363,-19.15508
621,-17.11315,-10.95969,-12.28986,-19.48789
622,-17.8977,-10.78279,-12.26525,-19.80873
623,-18.98784,-11.00021,-12.40888,-19.84252
624,-19.45069,-11.08519,-12.55838,-19.33657
625,-19.39786,-11.04716,-13.19598,-19.12651
626,-17.75693,-11.17118,-14.07803,-18.67916
627,-16.37904,-11.93853,-14.79692,-18.0005
628,-15.59337,-12.08414,-16.05281,-18.30435
629,-14.61899,-12.06731,-17.46168,-18.16463
630,-14.7463,-11.71457,-18.44919,-17.75216
631,-15.38417,-11.76173,-18.83214,-17.57399
632,-16.06383,-11.659,-19.27465,-17.59261
633,-17.03422,-12.04687,-19.56627,-17.95995
634,-17.69412,-12.32668,-19.58646,-18.28715
635,-17.646,-12.71244,-19.83094,-18.31783
636,-17.64698,-13.27137,-19.99846,-18.69457
637,-17.2547,-13.84614,-19.62679,-18.05418
638,-16.9139,-13.57057,-19.43696,-18.16349
639,-16.79205,-13.57279,-19.33668,-18.30783
640,-16.14824,-13.49063,-19.07027,-18.95978
641,-15.7375,-13.8354,-19.11168,-19.53989
642,-15.39028,-13.68869,-18.37638,-19.84263
643,-15.70393,-13.21243,-18.34677,-19.88906
644,-15.88228,-13.02853,-18.19557,-20.46241
645,-17.07582,-12.5135,-18.20383,-20.5104
646,-18.14877,-12.18847,-18.10929,-20.6914
647,-19.37032,-12.08423,-17.94729,-20.8201
648,-19.57461,-12.21472,-18.01149,-20.25145
649,-19.50647,-12.48182,-17.98727,-19.6277
650,-18.65059,-12.30286,-17.96478,-19.56816
651,-17.76048,-12.26934,-17.95339,-20.21188
652,-16.65115,-11.99997,-17.81426,-20.91532
653,-15.27861,-11.42853,-17.89094,-20.948
654,-14.31923,-11.15132,-18.39131,-21.44599
655,-14.94206,-10.97175,-19.12516,-21.725
656,-14.79904,-11.11301,-19.41557,-21.23497
657,-14.71442,-11.02697,-17.70438,-19.455
658,-14.87398,-9.847668,-17.98614,-19.00765
659,-14.7614,-8.994777,-18.42934,-18.24374
660,-14.0843,-9.028034,-18.63942,-18.19187
661,-14.05553,-9.660535,-19.04263,-17.97289
662,-14.76611,-10.1239,-19.89589,-18.72357
663,-15.36827,-10.47989,-20.31408,-19.37794
664,-16.76882,-11.06522,-21.63662,-20.97872
665,-19.02387,-11.88351,-23.27064,-23.18367
666,-21.17723,-12.63288,-25.35222,-26.29295
667,-23.58494,-13.65833,-28.14868,-29.85249
668,-25.56078,-15.01652,-30.77959,-32.9967
669,-27.80571,-16.68678,-32.8405,-35.137
670,-29.14296,-17.66774,-35.05737,-36.25023
671,-29.37873,-18.97957,-35.8981,-36.1873
672,-28.85064,-19.27523,-36.0758,-35.08277
673,-27.34879,-19.43135,-35.47021,-33.52567
674,-24.87927,-19.02156,-34.09059,-31.18932
675,-21.60399,-18.51059,-32.14877,-28.8157
676,-17.60595,-17.6685,-29.15446,-25.32923
677,-13.70069,-16.90281,-25.61565,-21.91116
678,-9.104929,-15.90735,-22.40924,-19.03187
679,-6.642797,-14.65394,-19.31296,-15.4506
680,-2.662508,-13.06058,-15.83905,-11.25238
681,3.249008,-11.91686,-12.83729,-4.214097
682,12.82288,-10.00866,-9.739359,4.468176
683,23.29711,-8.052426,-7.042524,13.55666
684,30.29158,-5.536556,-3.222682,23.08243
685,36.27064,-2.415611,3.036682,32.98714
686,44.83177,2.027092,11.72926,41.91455
687,53.4322,7.493364,20.00909,49.18721
688,60.72935,12.68894,27.05554,55.55794
689,66.25004,17.21424,31.79441,60.22057
690,73.21294,20.75009,35.90786,63.83789
691,80.23608,23.46646,40.54063,66.25353
692,85.50893,25.58784,44.95986,68.97256
693,89.06534,27.6088,48.85562,71.32047
694,90.47042,30.35116,53.0778,73.35767
695,89.32519,34.04605,59.03662,73.84927
696,87.40634,38.85964,65.54369,74.62554
697,85.01227,43.768,72.19504,75.27876
698,82.83882,48.73626,77.41179,76.12666
699,81.22181,53.35477,80.83173,77.25204
700,79.74966,57.25207,83.09738,77.73247
701,77.51952,59.35621,84.43739,76.55538
702,74.15335,61.48933,84.76483,73.81322
703,69.2872,63.66332,84.09325,68.58926
704,62.65625,65.26174,81.80293,61.8609
705,56.19915,65.67381,78.23531,53.99752
706,49.43559,64.26987,73.14665,46.61363
707,43.51727,61.79234,66.77651,40.05667
708,38.25499,57.61928,60.15306,35.68745
709,34.57809,53.04599,53.68941,32.50342
710,31.94888,47.61942,47.56351,30.86355
711,30.04963,42.19183,42.58247,29.96782
712,28.97091,37.09895,37.95298,29.03768
713,28.57216,32.424,34.21615,28.14095
714,28.62118,28.29919,31.43499,27.71641
715,28.14947,24.5183,29.33066,27.24042
716,25.93915,21.74612,28.29287,26.21985
717,23.83776,18.84099,27.47224,24.17175
718,21.23937,16.78541,26.87073,21.39972
719,17.44929,15.20508,26.25432,17.66521
720,14.73197,13.77862,25.23379,14.32301
721,12.58957,12.91736,24.34318,10.61741
722,11.80067,12.40376,22.46397,8.531373
723,11.47478,11.51695,19.91395,7.334921
724,12.29839,10.49721,17.48303,7.457144
725,13.62507,8.987063,15.62356,8.779157
726,14.50222,7.676045,14.35912,10.13452
727,15.16013,6.808658,12.91864,10.26925
728,15.01287,6.137774,11.78294,8.775854
729,13.22831,5.767066,11.07019,6.594451
730,10.60813,5.03515,10.68755,4.356078
731,7.139307,3.627503,10.13074,1.694301
732,3.718268,3.353624,9.784846,-0.5570246
733,0.7956859,3.708623,10.19943,-2.437184
734,-1.360397,4.203457,10.10685,-3.679893
735,-3.283005,4.37946,9.328987,-4.604705
736,-3.412957,4.138134,8.005302,-4.294986
737,-1.871675,4.361479,6.099247,-3.50947
738,0.4813451,4.865973,3.700931,-2.078876
739,2.885325,4.232772,1.194889,-1.63336
740,4.280954,3.763021,-1.219992,-2.151473
741,3.439433,2.73285,-2.932311,-3.315713
742,2.022263,1.265944,-4.06917,-5.727898
743,-1.260082,0.2202015,-3.6278,-8.647792
744,-4.461984,-0.8461895,-2.612271,-11.43816
745,-7.660621,-2.066834,-1.512315,-13.72842
746,-9.625849,-2.682732,0.1376572,-15.05958
747,-10.33199,-2.969024,1.290247,-15.89656
748,-10.45256,-2.728857,1.27708,-16.60959
749,-10.24816,-2.247697,0.8491493,-17.07102
750,-10.50622,-1.689211,-0.5823097,-17.25831
751,-9.668454,-1.821311,-1.821654,-17.37307
752,-9.3761,-2.042743,-3.566177,-16.85668
753,-9.823603,-2.924885,-4.829243,-16.52059
754,-9.738896,-3.969945,-6.181604,-16.08075
755,-9.438828,-4.963709,-7.631711,-15.93395
756,-9.886231,-5.817466,-9.415409,-16.24564
757,-10.7078,-6.759092,-10.88798,-16.58406
758,-11.87484,-7.607638,-11.98223,-17.76859
759,-13.49927,-8.607348,-11.88683,-17.75701
760,-14.33716,-9.435489,-12.4807,-17.55236
761,-13.77758,-9.86448,-13.24513,-16.56313
762,-12.99658,-10.13119,-13.70565,-15.48709
763,-10.91869,-10.79306,-14.53741,-14.68036
764,-8.149728,-10.98562,-15.13797,-14.92748
765,-6.873677,-10.87626,-15.87257,-14.83247
766,-4.933383,-10.60137,-16.33192,-14.92481
767,-3.914717,-10.34381,-16.69886,-15.07665
768,-4.987838,-9.769326,-17.04579,-15.3203
769,-5.974148,-9.946844,-16.80734,-15.05283
770,-7.611931,-10.01279,-16.187,-14.90884
771,-9.227878,-10.89706,-15.53585,-14.56046
772,-10.05937,-11.84017,-15.1188,-14.6878
773,-9.346424,-11.54394,-14.77381,-14.71414
774,-8.297055,-11.45181,-14.05834,-15.20612
775,-7.145307,-11.3311,-13.39626,-15.73911
776,-6.868149,-10.74833,-12.90359,-16.60914
777,-6.370108,-10.11651,-12.88639,-16.879
778,-5.763767,-9.384935,-13.27741,-17.30727
779,-6.849729,-8.544447,-13.75786,-17.6407
780,-8.186932,-8.518778,-14.46821,-17.96897
781,-9.488767,-8.630899,-14.38383,-18.84482
782,-10.38165,-8.786483,-14.45122,-19.38405
783,-11.95055,-8.746716,-14.4138,-20.30894
784,-13.09494,-9.163967,-14.15444,-20.06827
785,-14.35604,-9.08822,-13.34135,-20.32257
786,-15.6038,-9.271073,-13.06232,-20.04141
787,-16.3964,-8.888257,-13.23931,-20.00661
788,-16.52246,-8.863513,-14.07253,-19.31186
789,-16.24994,-8.13815,-15.12413,-18.87709
790,-15.4695,-7.993991,-15.88829,-18.77051
791,-13.84665,-7.880668,-16.79496,-18.40242
792,-12.89777,-8.382313,-17.55099,-18.37064
793,-11.28585,-8.55759,-17.92673,-18.59237
794,-10.71076,-9.407998,-18.19733,-18.51694
795,-10.21665,-9.748511,-19.40324,-17.6907
796,-10.73148,-10.03074,-20.34561,-17.17236
797,-12.42659,-10.19012,-20.75133,-16.78002
798,-13.16819,-10.21165,-21.05618,-16.79398
799,-13.76956,-10.53519,-20.80851,-16.88171
800,-14.23612,-11.37731,-20.52214,-17.0922
801,-14.76443,-12.1107,-20.34388,-17.2479
802,-15.21058,-12.58049,-19.7945,-17.3561
803,-15.29688,-12.82048,-19.31508,-17.26854
804,-15.04614,-13.01274,-19.50241,-16.9824
805,-14.87078,-12.5434,-19.02432,-16.86965
806,-15.13777,-12.4531,-18.95243,-17.51448
807,-15.35671,-11.99245,-18.91776,-18.13727
808,-16.14213,-11.47577,-18.66324,-18.34416
809,-17.22329,-11.32788,-18.21321,-19.09433
810,-18.48489,-11.39802,-17.54641,-18.2938
811,-19.17971,-11.30109,-16.84812,-17.66143
812,-19.11664,-11.15348,-16.76109,-16.77656
813,-19.73991,-11.11232,-16.09719,-16.16815
814,-18.89765,-11.15949,-15.67595,-16.86477
815,-18.05845,-11.20907,-15.65812,-17.28333
816,-17.29391,-11.3213,-16.22877,-17.93639
817,-16.6946,-11.53005,-16.40648,-18.14981
818,-16.13955,-11.4261,-17.06009,-18.58659
819,-15.88579,-11.17523,-17.36185,-18.63512
820,-14.81688,-10.67342,-17.72014,-17.87307
821,-14.03855,-11.10476,-15.82364,-16.577
822,-13.25467,-10.73142,-16.3574,-16.40021
823,-13.32029,-10.56626,-16.99554,-16.06737
824,-13.52614,-10.115,-17.39675,-15.40368
825,-15.10824,-10.20273,-18.10651,-15.17616
826,-16.21025,-10.66492,-18.56618,-15.70772
827,-17.14563,-10.58111,-19.04307,-16.27648
828,-17.88964,-11.90353,-19.57892,-17.95315
829,-18.80087,-12.68546,-21.03508,-20.4371
830,-20.50037,-13.79073,-23.42916,-23.75024
831,-23.36553,-14.7082,-25.73463,-27.04457
832,-26.5377,-16.46765,-28.29549,-30.00448
833,-29.24375,-18.21477,-30.48875,-32.17979
834,-30.69869,-19.49012,-32.17051,-33.17253
835,-31.19374,-21.30205,-33.41557,-33.25342
836,-30.47272,-21.79463,-33.50129,-32.74018
837,-29.16693,-21.95611,-33.14064,-30.92674
838,-26.99793,-21.45281,-31.98853,-28.36815
839,-25.08749,-20.62538,-30.41843,-25.16939
840,-21.89552,-19.50839,-27.81084,-22.02228
841,-18.59239,-17.715,-25.02751,-19.22781
842,-15.2507,-16.21251,-21.54011,-17.09489
843,-11.25956,-14.78313,-18.05419,-14.21585
844,-6.51619,-12.62951,-14.63708,-10.57205
845,0.8295691,-10.94362,-12.04043,-3.315487
846,10.4025,-10.90412,-9.767958,5.405492
847,20.19086,-9.720867,-7.460826,14.32038
848,26.60116,-7.775599,-4.484467,24.17434
849,30.66277,-4.298253,1.490432,34.42716
850,36.98162,0.4125155,9.482478,42.8623
851,45.15311,6.106072,17.66035,49.74036
852,52.53643,11.15219,25.61225,55.15182
853,59.52304,15.56933,30.00471,59.83015
854,67.1335,19.25831,34.07711,64.08127
855,74.50565,21.34364,38.52806,67.90776
856,80.75311,24.21833,42.78466,71.08936
857,84.33994,26.77818,46.67714,73.08075
858,84.92091,29.68184,51.37775,74.25481
859,84.38632,33.11675,57.16554,74.89908
860,83.30027,36.85284,64.21951,75.99926
861,81.23892,41.11025,70.66898,77.21558
862,79.96855,45.92973,75.94585,78.46902
863,78.13193,50.63116,79.75701,80.34732
864,76.47474,54.37223,82.0985,80.46304
865,73.59966,58.02456,83.95831,78.87915
866,69.99641,61.28303,84.81894,75.53828
867,65.57758,63.74169,84.52579,70.13941
868,58.99112,65.43035,82.19162,63.5014
869,52.26802,65.51677,78.33448,56.68916
870,45.89283,64.15756,73.02058,50.11171
871,39.79206,61.05117,66.72749,44.1684
872,35.03237,56.56494,59.88784,38.91029
873,31.54108,51.05886,53.7912,35.04898
874,29.04681,45.30663,48.07304,31.82022
875,27.97872,39.71302,42.90246,30.20141
876,26.87603,34.86999,38.02622,29.27375
877,26.0256,30.23634,34.13282,29.22764
878,25.41512,26.29521,30.87675,30.03014
879,24.53498,22.33936,28.39733,29.75538
880,22.05139,19.32786,27.12812,28.51568
881,19.44147,16.51819,26.72198,25.88036
882,16.85454,14.13938,26.37525,23.00226
883,14.30357,12.64174,26.39768,19.5399
884,11.96239,11.62064,25.98041,16.1604
885,10.01093,11.21232,24.5597,12.95315
886,8.328638,10.65605,22.64872,11.02403
887,7.884582,9.659636,20.78786,9.856331
888,8.20702,8.345551,18.31003,10.0214
889,9.204109,7.156782,16.54646,10.06896
890,9.904513,6.013224,14.72158,10.53264
891,11.30923,4.876235,13.30101,10.37488
892,11.40208,3.486226,12.21032,9.682141
893,9.952676,2.253564,11.47694,8.637088
894,8.143805,1.374234,11.16392,6.649614
895,4.54328,0.8111572,10.93199,3.58962
896,1.513721,0.735783,10.89736,0.2240247
897,-0.8821224,1.034154,10.61582,-1.885383
898,-3.768968,1.208016,9.842591,-3.436264
899,-6.131544,0.839711,8.782599,-3.927028
900,-5.993504,1.274648,7.306295,-2.599516
901,-4.847379,1.203337,5.230587,-1.152218
902,-3.008669,1.074765,2.69384,0.4334643
903,-0.4905452,0.9923961,0.8530412,1.293329
904,1.642315,0.6702078,-0.4310415,6.93E-02
905,1.248711,0.1244293,-1.847842,-2.234431
906,-0.3902991,-1.164003,-3.072208,-4.308821
907,-3.368968,-3.008302,-3.626636,-6.198835
908,-7.114603,-4.439921,-3.486406,-7.942154
909,-10.27416,-5.48679,-2.541458,-10.16343
910,-12.63535,-6.242303,-1.139202,-12.28449
911,-13.54613,-6.69051,0.2701963,-14.24324
912,-14.10875,-6.652283,0.6779044,-15.43086
913,-14.35416,-6.292498,0.5643751,-16.00362
914,-13.915,-6.058029,-0.5066167,-16.06108
915,-13.09398,-5.82796,-2.204402,-15.01477
916,-12.61433,-6.395935,-4.260046,-14.62181
917,-12.06352,-6.689261,-5.917116,-14.13678
918,-12.02258,-8.034536,-7.668146,-13.86593
919,-12.16823,-8.927134,-9.547482,-13.77838
920,-12.30856,-10.13349,-10.79875,-14.23513
921,-12.9896,-11.65285,-11.89453,-14.87863
922,-13.70875,-12.27798,-12.77225,-14.98056
923,-15.02796,-13.12686,-13.83817,-15.86173
924,-16.13733,-13.4272,-14.515,-15.25342
925,-17.33069,-14.05171,-15.75596,-14.69325
926,-17.123,-14.61849,-16.36598,-13.84759
927,-16.39833,-14.90361,-17.08802,-13.56128
928,-14.91396,-15.11974,-17.55383,-12.54694
929,-13.57277,-15.50637,-18.25412,-12.03534
930,-11.88417,-15.48314,-17.90505,-12.08447
931,-10.73006,-15.74371,-17.93896,-11.7863
932,-10.53915,-15.527,-18.21679,-11.38786
933,-10.84146,-15.48425,-18.3544,-11.56312
934,-12.33528,-15.59014,-18.47833,-12.05199
935,-13.12925,-15.64902,-18.43366,-12.14342
936,-14.36608,-15.8476,-17.93896,-11.95825
937,-15.0136,-16.06614,-16.6172,-11.82241
938,-14.8172,-16.534,-16.11592,-12.49281
939,-14.21899,-16.88139,-15.18752,-12.28527
940,-13.22538,-17.02335,-14.52993,-12.55633
941,-12.35878,-16.74772,-14.57213,-12.62232
942,-11.15338,-15.82037,-14.62832,-12.86206
943,-11.42582,-14.79552,-14.69486,-13.6988
944,-11.66225,-14.03971,-15.11425,-14.84231
945,-13.10559,-13.53876,-15.15876,-16.09376
946,-15.19877,-13.41603,-14.89433,-16.88935
947,-16.89058,-13.61544,-13.99026,-17.49979
948,-18.29255,-13.69942,-13.35988,-17.95285
949,-19.33055,-13.99131,-13.26612,-17.83092
950,-20.34756,-14.21356,-13.62091,-17.65075
951,-20.00932,-14.37035,-14.21327,-17.24979
952,-20.16575,-14.54838,-14.60859,-16.795
953,-19.11405,-13.84001,-15.50904,-16.91476
954,-17.98107,-13.70925,-16.1375,-17.21933
955,-16.30982,-13.85119,-16.79826,-16.94174
956,-14.75535,-14.14821,-17.29942,-17.02869
957,-13.65541,-14.62866,-17.74532,-17.19591
958,-13.19539,-14.83521,-18.33272,-16.735
959,-13.64022,-14.64827,-18.94867,-17.1762
960,-14.05102,-15.0035,-19.93779,-16.86105
961,-14.43279,-14.99889,-20.41703,-16.88581
962,-15.37071,-15.44397,-21.35217,-16.85778
963,-16.31963,-16.10261,-21.07787,-16.35279
964,-17.15376,-16.74645,-20.7271,-15.95375
965,-16.71108,-17.26859,-20.33259,-16.10841
966,-16.27127,-17.06387,-19.90093,-16.63733
967,-15.56956,-17.25354,-19.53885,-17.24026
968,-15.83044,-17.35453,-19.52677,-17.95249
969,-16.27196,-17.53506,-19.37273,-19.03199
970,-16.67247,-18.07884,-19.28835,-19.69128
971,-17.09447,-17.21692,-18.95849,-19.95749
972,-17.66212,-16.92309,-18.54971,-20.16809
973,-18.01404,-16.0483,-18.10375,-19.89223
974,-18.60224,-15.36575,-17.50008,-20.07106
975,-19.21337,-15.0504,-17.47574,-19.8455
976,-19.26955,-14.79366,-17.35,-19.15191
977,-19.05326,-15.0499,-17.3994,-18.96374
978,-18.22786,-15.37598,-17.48924,-18.97048
979,-16.54556,-15.96329,-17.53435,-18.49908
980,-14.95819,-16.02844,-17.43148,-18.28174
981,-13.45828,-15.55325,-17.29846,-18.68746
982,-12.60008,-15.72815,-17.69164,-19.57991
983,-12.55836,-15.7459,-18.08192,-20.27688
984,-12.60389,-15.74545,-18.94974,-20.66732
985,-13.02087,-15.28386,-16.9491,-18.69694
986,-14.1722,-15.08556,-17.38044,-18.11074
987,-15.17614,-14.58839,-17.54033,-17.19215
988,-15.34729,-14.66473,-17.88454,-16.67051
989,-16.36872,-14.91637,-18.1696,-16.38914
990,-17.07559,-15.21114,-18.98419,-16.97273
991,-17.65103,-15.31736,-19.34819,-18.24562
992,-17.30374,-16.37137,-20.39751,-20.05708
993,-17.40295,-16.74562,-22.17373,-22.49867
994,-18.1532,-17.61247,-24.22151,-25.11082
995,-20.47832,-18.75229,-26.88227,-27.0576
996,-23.57732,-20.21592,-29.25957,-29.40567
997,-26.50169,-21.80382,-31.43345,-31.23007
998,-29.36261,-23.32869,-33.19259,-32.62873
999,-30.68209,-24.42214,-34.14069,-33.15972
1000,-30.30537,-24.67709,-34.85894,-32.70584
1001,-29.49698,-24.86325,-34.39339,-31.79821
1002,-27.67261,-24.53707,-33.35462,-29.59597
1003,-25.20782,-23.45296,-31.51116,-26.36279
1004,-21.98887,-22.62086,-29.02229,-22.6303
1005,-18.89363,-21.83374,-26.68504,-18.93263
1006,-15.39156,-21.30109,-23.8291,-16.57349
1007,-12.2146,-19.85316,-20.71435,-13.7243
1008,-8.343478,-18.37068,-17.3066,-9.556879
1009,-1.92793,-16.99179,-14.20486,-3.821784
1010,7.148895,-15.26672,-11.35042,4.796056
1011,18.59044,-13.18793,-9.282518,13.78807
1012,25.05187,-10.89032,-5.498456,23.75637
1013,29.1432,-8.186987,-0.1377443,33.3422
1014,35.9758,-4.154629,8.360453,42.25847
1015,44.3296,1.270423,17.05948,49.52234
1016,51.35781,6.053273,24.78065,55.80977
1017,58.1134,10.42889,29.81332,61.33808
1018,66.10535,14.3299,33.33018,65.46662
1019,68.63921,17.32613,37.4751,68.87861
1020,73.95336,20.26054,41.88548,71.41348
1021,77.48125,22.95648,46.10179,73.04721
1022,78.66091,25.89665,50.11043,74.18921
1023,78.42701,29.22452,55.34281,75.31833
1024,77.65813,32.14021,61.77666,76.11966
